"merge","filename.x","TYPE","BOX_AND_CODE","STATE","fullest_code","type_branch","rep","cluster","Region","zip_code","combined","otu_count"
"101-H7a","Vicky1-a1-101-H7A.mzXML","isolate","101-H7","SC","Vicky1-a1-101-H7A","branch_u","a","clu6_1","Southeast",29203,"clu6_1-branch_u",1346
"101-H7b","Vicky1-a1-101-H7B.mzXML","isolate","101-H7","SC","Vicky1-a1-101-H7B","branch_u","b","clu6_1","Southeast",29203,"clu6_1-branch_u",1264
"133-H4a","Vicky1-h6-133-H4A.mzXML","isolate","133-H4","TX","Vicky1-h6-133-H4A","branch_u","a","clu6_1","South",79928,"clu6_1-branch_u",331
"133-H4b","Vicky1-h6-133-H4B.mzXML","isolate","133-H4","TX","Vicky1-h6-133-H4B","branch_u","b","clu6_1","South",79928,"clu6_1-branch_u",387
"134-D5a","Vicky1-c12-134-D5A.mzXML","isolate","134-D5","NM","Vicky1-c12-134-D5A","branch_u","a","clu6_1","Southwest",87105,"clu6_1-branch_u",580
"134-D5b","Vicky1-c12-134-D5B.mzXML","isolate","134-D5","NM","Vicky1-c12-134-D5B","branch_u","b","clu6_1","Southwest",87105,"clu6_1-branch_u",332
"136-B12a","Vicky1-c9-136-B12A.mzXML","isolate","136-B12","CO","Vicky1-c9-136-B12A","branch_u","a","clu6_1","Southwest",80221,"clu6_1-branch_u",483
"136-B12b","Vicky1-c9-136-B12B.mzXML","isolate","136-B12","CO","Vicky1-c9-136-B12B","branch_u","b","clu6_1","Southwest",80221,"clu6_1-branch_u",394
"139-F1a","Vicky1-a4-139-F1A.mzXML","isolate","139-F1","NM","Vicky1-a4-139-F1A","branch_u","a","clu6_1","Southwest",87121,"clu6_1-branch_u",302
"139-F1b","Vicky1-a4-139-F1B.mzXML","isolate","139-F1","NM","Vicky1-a4-139-F1B","branch_u","b","clu6_1","Southwest",87121,"clu6_1-branch_u",526
"139-F2a","Vicky3-a11-139-F2A.mzXML","isolate","139-F2","NM","Vicky3-a11-139-F2A","branch_w","a","clu6_2","Southwest",87105,"clu6_2-branch_w",266
"139-F2b","Vicky3-a11-139-F2B.mzXML","isolate","139-F2","NM","Vicky3-a11-139-F2B","branch_w","b","clu6_2","Southwest",87105,"clu6_2-branch_w",319
"145-B9a","Vicky1-a5-145-B9A.mzXML","isolate","145-B9","TX","Vicky1-a5-145-B9A","branch_u","a","clu6_1","South",79934,"clu6_1-branch_u",597
"145-B9b","Vicky1-a5-145-B9B.mzXML","isolate","145-B9","TX","Vicky1-a5-145-B9B","branch_u","b","clu6_1","South",79934,"clu6_1-branch_u",379
"147-B2a","Vicky1-f5-147-B2A.mzXML","isolate","147-B2","CO","Vicky1-f5-147-B2A","branch_u","a","clu6_1","Southwest",80521,"clu6_1-branch_u",583
"147-B2b","Vicky1-f5-147-B2B.mzXML","isolate","147-B2","CO","Vicky1-f5-147-B2B","branch_u","b","clu6_1","Southwest",80521,"clu6_1-branch_u",453
"147-C6a","Vicky1-f9-147-C6A.mzXML","isolate","147-C6","NM","Vicky1-f9-147-C6A","branch_u","a","clu6_1","Southwest",87105,"clu6_1-branch_u",490
"147-C6b","Vicky1-f9-147-C6B.mzXML","isolate","147-C6","NM","Vicky1-f9-147-C6B","branch_u","b","clu6_1","Southwest",87105,"clu6_1-branch_u",300
"148-E3a","Vicky1-c8-148-E3A.mzXML","isolate","148-E3","MT","Vicky1-c8-148-E3A","branch_u","a","clu6_1","West North Central",59601,"clu6_1-branch_u",644
"148-E3b","Vicky1-c8-148-E3B.mzXML","isolate","148-E3","MT","Vicky1-c8-148-E3B","branch_u","b","clu6_1","West North Central",59601,"clu6_1-branch_u",730
"149-A5a","Vicky2-g12-149-A5A.mzXML","isolate","149-A5","CO","Vicky2-g12-149-A5A","branch_v","a","clu6_4","Southwest",80004,"clu6_4-branch_v",437
"149-A5b","Vicky2-g12-149-A5B.mzXML","isolate","149-A5","CO","Vicky2-g12-149-A5B","branch_v","b","clu6_4","Southwest",80004,"clu6_4-branch_v",185
"151-A8a","Vicky1-c10-151-A8A.mzXML","isolate","151-A8","CA","Vicky1-c10-151-A8A","branch_v","a","clu6_2","West",91746,"clu6_2-branch_v",396
"151-A8b","Vicky1-c10-151-A8B.mzXML","isolate","151-A8","CA","Vicky1-c10-151-A8B","branch_v","b","clu6_2","West",91746,"clu6_2-branch_v",399
"152-B2a","Vicky1-a3-152-B2A.mzXML","isolate","152-B2","CA","Vicky1-a3-152-B2A","branch_u","a","clu6_1","West",94568,"clu6_1-branch_u",394
"152-B2b","Vicky1-a3-152-B2B.mzXML","isolate","152-B2","CA","Vicky1-a3-152-B2B","branch_u","b","clu6_1","West",94568,"clu6_1-branch_u",516
"153-E12a","Vicky3-a10-153-E12A.mzXML","isolate","153-E12","CA","Vicky3-a10-153-E12A","branch_u","a","clu6_2","West",95123,"clu6_2-branch_u",653
"153-E12b","Vicky3-a10-153-E12B.mzXML","isolate","153-E12","CA","Vicky3-a10-153-E12B","branch_u","b","clu6_2","West",95123,"clu6_2-branch_u",607
"154-A4a","Vicky3-b10-154-A4A.mzXML","isolate","154-A4","OK","Vicky3-b10-154-A4A","branch_u","a","clu6_1","South",74873,"clu6_1-branch_u",383
"154-A4b","Vicky3-b10-154-A4B.mzXML","isolate","154-A4","OK","Vicky3-b10-154-A4B","branch_u","b","clu6_1","South",74873,"clu6_1-branch_u",239
"155-E5a","Vicky1-e8-155-E5A.mzXML","isolate","155-E5","CA","Vicky1-e8-155-E5A","branch_u","a","clu6_1","West",95123,"clu6_1-branch_u",397
"155-E5b","Vicky1-e8-155-E5B.mzXML","isolate","155-E5","CA","Vicky1-e8-155-E5B","branch_u","b","clu6_1","West",95123,"clu6_1-branch_u",478
"157-F2a","Vicky1-b2-157-F2A.mzXML","isolate","157-F2","CA","Vicky1-b2-157-F2A","branch_u","a","clu6_2","West",92129,"clu6_2-branch_u",748
"157-F2b","Vicky1-b2-157-F2B.mzXML","isolate","157-F2","CA","Vicky1-b2-157-F2B","branch_u","b","clu6_2","West",92129,"clu6_2-branch_u",530
"157-H2a","Vicky2-a11-157-H2A.mzXML","isolate","157-H2","UT","Vicky2-a11-157-H2A","branch_w","a","clu6_2","Southwest",84758,"clu6_2-branch_w",369
"157-H2b","Vicky2-a11-157-H2B.mzXML","isolate","157-H2","UT","Vicky2-a11-157-H2B","branch_w","b","clu6_2","Southwest",84758,"clu6_2-branch_w",294
"158-H6a","Vicky2-b1-158-H6A.mzXML","isolate","158-H6","NV","Vicky2-b1-158-H6A","branch_w","a","clu6_2","West",89403,"clu6_2-branch_w",404
"158-H6b","Vicky2-b1-158-H6B.mzXML","isolate","158-H6","NV","Vicky2-b1-158-H6B","branch_w","b","clu6_2","West",89403,"clu6_2-branch_w",247
"159-E5a","Vicky1-e10-159-E5A.mzXML","isolate","159-E5","NM","Vicky1-e10-159-E5A","branch_u","a","clu6_1","Southwest",87701,"clu6_1-branch_u",286
"159-E5b","Vicky1-e10-159-E5B.mzXML","isolate","159-E5","NM","Vicky1-e10-159-E5B","branch_u","b","clu6_1","Southwest",87701,"clu6_1-branch_u",302
"164-D9a","Vicky3-b2-164-D9A.mzXML","isolate","164-D9","UT","Vicky3-b2-164-D9A","branch_w","a","clu6_2","Southwest",84758,"clu6_2-branch_w",359
"164-D9b","Vicky3-b2-164-D9B.mzXML","isolate","164-D9","UT","Vicky3-b2-164-D9B","branch_w","b","clu6_2","Southwest",84758,"clu6_2-branch_w",121
"165-C11a","Vicky1-c11-165-C11A.mzXML","isolate","165-C11","KS","Vicky1-c11-165-C11A","branch_u","a","clu6_1","South",66402,"clu6_1-branch_u",288
"165-C11b","Vicky1-c11-165-C11B.mzXML","isolate","165-C11","KS","Vicky1-c11-165-C11B","branch_u","b","clu6_1","South",66402,"clu6_1-branch_u",247
"166-G4a","Vicky2-d11-166-G4A.mzXML","isolate","166-G4","UT","Vicky2-d11-166-G4A","branch_v","a","clu6_2","Southwest",84058,"clu6_2-branch_v",376
"166-G4b","Vicky2-d11-166-G4B.mzXML","isolate","166-G4","UT","Vicky2-d11-166-G4B","branch_v","b","clu6_2","Southwest",84058,"clu6_2-branch_v",187
"166-H2a","Vicky3-b1-166-H2A.mzXML","isolate","166-H2","CA","Vicky3-b1-166-H2A","branch_w","a","clu6_2","West",94568,"clu6_2-branch_w",632
"166-H2b","Vicky3-b1-166-H2B.mzXML","isolate","166-H2","CA","Vicky3-b1-166-H2B","branch_w","b","clu6_2","West",94568,"clu6_2-branch_w",515
"167-A11a","Vicky1-b10-167-A11A.mzXML","isolate","167-A11","CA","Vicky1-b10-167-A11A","branch_u","a","clu6_1","West",92841,"clu6_1-branch_u",505
"167-A11b","Vicky1-b10-167-A11B.mzXML","isolate","167-A11","CA","Vicky1-b10-167-A11B","branch_u","b","clu6_1","West",92841,"clu6_1-branch_u",408
"168-E2a","Vicky3-b3-168-E2A.mzXML","isolate","168-E2","CA","Vicky3-b3-168-E2A","branch_w","a","clu6_2","West",95673,"clu6_2-branch_w",732
"168-E2b","Vicky3-b3-168-E2B.mzXML","isolate","168-E2","CA","Vicky3-b3-168-E2B","branch_w","b","clu6_2","West",95673,"clu6_2-branch_w",617
"169-E8a","Vicky1-d10-169-E8A.mzXML","isolate","169-E8","UT","Vicky1-d10-169-E8A","branch_y","a","clu6_3","Southwest",84758,"clu6_3-branch_y",324
"169-E8b","Vicky1-d10-169-E8B.mzXML","isolate","169-E8","UT","Vicky1-d10-169-E8B","branch_y","b","clu6_3","Southwest",84758,"clu6_3-branch_y",351
"169-E9a","Vicky3-b7-169-E9A.mzXML","isolate","169-E9","UT","Vicky3-b7-169-E9A","branch_w","a","clu6_2","Southwest",84758,"clu6_2-branch_w",286
"169-E9b","Vicky3-b7-169-E9B.mzXML","isolate","169-E9","UT","Vicky3-b7-169-E9B","branch_w","b","clu6_2","Southwest",84758,"clu6_2-branch_w",531
"170-A3a","Vicky1-f6-170-A3A.mzXML","isolate","170-A3","MN","Vicky1-f6-170-A3A","branch_u","a","clu6_1","East North Central",55379,"clu6_1-branch_u",321
"170-A3b","Vicky1-f6-170-A3B.mzXML","isolate","170-A3","MN","Vicky1-f6-170-A3B","branch_u","b","clu6_1","East North Central",55379,"clu6_1-branch_u",199
"170-E12a","Vicky1-d7-170-E12A.mzXML","isolate","170-E12","UT","Vicky1-d7-170-E12A","branch_u","a","clu6_1","Southwest",84070,"clu6_1-branch_u",490
"170-E12b","Vicky1-d7-170-E12B.mzXML","isolate","170-E12","UT","Vicky1-d7-170-E12B","branch_u","b","clu6_1","Southwest",84070,"clu6_1-branch_u",748
"170-F4a","Vicky2-b2-170-F4A.mzXML","isolate","170-F4","UT","Vicky2-b2-170-F4A","branch_w","a","clu6_2","Southwest",84758,"clu6_2-branch_w",415
"170-F4b","Vicky2-b2-170-F4B.mzXML","isolate","170-F4","UT","Vicky2-b2-170-F4B","branch_w","b","clu6_2","Southwest",84758,"clu6_2-branch_w",539
"173-C6a","Vicky1-b11-173-C6A.mzXML","isolate","173-C6","CA","Vicky1-b11-173-C6A","branch_u","a","clu6_1","West",95817,"clu6_1-branch_u",351
"173-C6b","Vicky1-b11-173-C6B.mzXML","isolate","173-C6","CA","Vicky1-b11-173-C6B","branch_u","b","clu6_1","West",95817,"clu6_1-branch_u",361
"175-A7a","Vicky3-b8-175-A7A.mzXML","isolate","175-A7","VA","Vicky3-b8-175-A7A","branch_u","a","clu6_1","Southeast",22567,"clu6_1-branch_u",757
"175-A7b","Vicky3-b8-175-A7B.mzXML","isolate","175-A7","VA","Vicky3-b8-175-A7B","branch_u","b","clu6_1","Southeast",22567,"clu6_1-branch_u",813
"175-C5a","Vicky2-c10-175-C5A.mzXML","isolate","175-C5","PA","Vicky2-c10-175-C5A","branch_u","a","clu6_1","Northeast",17602,"clu6_1-branch_u",753
"175-C5b","Vicky2-c10-175-C5B.mzXML","isolate","175-C5","PA","Vicky2-c10-175-C5B","branch_u","b","clu6_1","Northeast",17602,"clu6_1-branch_u",605
"175-F4a","Vicky1-b12-175-F4A.mzXML","isolate","175-F4","MN","Vicky1-b12-175-F4A","branch_u","a","clu6_1","East North Central",55304,"clu6_1-branch_u",442
"175-F4b","Vicky1-b12-175-F4B.mzXML","isolate","175-F4","MN","Vicky1-b12-175-F4B","branch_u","b","clu6_1","East North Central",55304,"clu6_1-branch_u",241
"177-E1a","Vicky1-a2-177-E1A.mzXML","isolate","177-E1","OK","Vicky1-a2-177-E1A","branch_u","a","clu6_2","South",73111,"clu6_2-branch_u",508
"177-E1b","Vicky1-a2-177-E1B.mzXML","isolate","177-E1","OK","Vicky1-a2-177-E1B","branch_u","b","clu6_1","South",73111,"clu6_1-branch_u",395
"177-E5a","Vicky1-a6-177-E5A.mzXML","isolate","177-E5","OK","Vicky1-a6-177-E5A","branch_u","a","clu6_1","South",73111,"clu6_1-branch_u",372
"177-E5b","Vicky1-a6-177-E5B.mzXML","isolate","177-E5","OK","Vicky1-a6-177-E5B","branch_u","b","clu6_1","South",73111,"clu6_1-branch_u",221
"177-E6a","Vicky1-a11-177-E6A.mzXML","isolate","177-E6","OK","Vicky1-a11-177-E6A","branch_u","a","clu6_1","South",73111,"clu6_1-branch_u",1015
"177-E6b","Vicky1-a11-177-E6B.mzXML","isolate","177-E6","OK","Vicky1-a11-177-E6B","branch_u","b","clu6_1","South",73111,"clu6_1-branch_u",1039
"178-D1a","Vicky2-e2-178-D1A.mzXML","isolate","178-D1","CA","Vicky2-e2-178-D1A","branch_v","a","clu6_4","West",93933,"clu6_4-branch_v",568
"178-D1b","Vicky2-e2-178-D1B.mzXML","isolate","178-D1","CA","Vicky2-e2-178-D1B","branch_v","b","clu6_4","West",93933,"clu6_4-branch_v",349
"179-A9a","Vicky1-d2-179-A9A.mzXML","isolate","179-A9","NM","Vicky1-d2-179-A9A","branch_y","a","clu6_3","Southwest",87112,"clu6_3-branch_y",434
"179-A9b","Vicky1-d2-179-A9B.mzXML","isolate","179-A9","NM","Vicky1-d2-179-A9B","branch_y","b","clu6_3","Southwest",87112,"clu6_3-branch_y",410
"180-B10a","Vicky1-a7-180-B10A.mzXML","isolate","180-B10","CA","Vicky1-a7-180-B10A","branch_u","a","clu6_1","West",95817,"clu6_1-branch_u",530
"180-B10b","Vicky1-a7-180-B10B.mzXML","isolate","180-B10","CA","Vicky1-a7-180-B10B","branch_u","b","clu6_1","West",95817,"clu6_1-branch_u",680
"180-B9a","Vicky1-a9-180-B9A.mzXML","isolate","180-B9","CA","Vicky1-a9-180-B9A","branch_u","a","clu6_1","West",95817,"clu6_1-branch_u",691
"180-B9b","Vicky1-a9-180-B9B.mzXML","isolate","180-B9","CA","Vicky1-a9-180-B9B","branch_u","b","clu6_1","West",95817,"clu6_1-branch_u",866
"183-H4a","Vicky1-a10-183-H4A.mzXML","isolate","183-H4","SD","Vicky1-a10-183-H4A","branch_u","a","clu6_1","West North Central",57401,"clu6_1-branch_u",474
"183-H4b","Vicky1-a10-183-H4B.mzXML","isolate","183-H4","SD","Vicky1-a10-183-H4B","branch_u","b","clu6_1","West North Central",57401,"clu6_1-branch_u",511
"185-D9a","Vicky1-a8-185-D9A.mzXML","isolate","185-D9","MA","Vicky1-a8-185-D9A","branch_u","a","clu6_1","Northeast",2126,"clu6_1-branch_u",833
"185-D9b","Vicky1-a8-185-D9B.mzXML","isolate","185-D9","MA","Vicky1-a8-185-D9B","branch_u","b","clu6_1","Northeast",2126,"clu6_1-branch_u",752
"185-F7a","Vicky1-f7-185-F7A.mzXML","isolate","185-F7","NE","Vicky1-f7-185-F7A","branch_u","a","clu6_1","West North Central",69337,"clu6_1-branch_u",631
"185-F7b","Vicky1-f7-185-F7B.mzXML","isolate","185-F7","NE","Vicky1-f7-185-F7B","branch_u","b","clu6_1","West North Central",69337,"clu6_1-branch_u",400
"186-F11a","Vicky2-c4-186-F11A.mzXML","isolate","186-F11","WI","Vicky2-c4-186-F11A","branch_u","a","clu6_1","East North Central",54166,"clu6_1-branch_u",795
"186-F11b","Vicky2-c4-186-F11B.mzXML","isolate","186-F11","WI","Vicky2-c4-186-F11B","branch_u","b","clu6_1","East North Central",54166,"clu6_1-branch_u",408
"186-F8a","Vicky1-d1-186-F8A.mzXML","isolate","186-F8","WI","Vicky1-d1-186-F8A","branch_y","a","clu6_3","East North Central",54166,"clu6_3-branch_y",711
"186-F8b","Vicky1-d1-186-F8B.mzXML","isolate","186-F8","WI","Vicky1-d1-186-F8B","branch_y","b","clu6_3","East North Central",54166,"clu6_3-branch_y",496
"190-D4a","Vicky1-d3-190-D4A.mzXML","isolate","190-D4","UT","Vicky1-d3-190-D4A","branch_y","a","clu6_3","Southwest",84758,"clu6_3-branch_y",554
"190-D4b","Vicky1-d3-190-D4B.mzXML","isolate","190-D4","UT","Vicky1-d3-190-D4B","branch_y","b","clu6_3","Southwest",84758,"clu6_3-branch_y",505
"194-H4a","Vicky1-b9-194-H4A.mzXML","isolate","194-H4","UT","Vicky1-b9-194-H4A","branch_u","a","clu6_2","Southwest",84758,"clu6_2-branch_u",723
"194-H4b","Vicky1-b9-194-H4B.mzXML","isolate","194-H4","UT","Vicky1-b9-194-H4B","branch_u","b","clu6_1","Southwest",84758,"clu6_1-branch_u",297
"197-B1a","Vicky1-b1-197-B1A.mzXML","isolate","197-B1","OH","Vicky1-b1-197-B1A","branch_u","a","clu6_1","Central",43440,"clu6_1-branch_u",627
"197-B1b","Vicky1-b1-197-B1B.mzXML","isolate","197-B1","OH","Vicky1-b1-197-B1B","branch_u","b","clu6_1","Central",43440,"clu6_1-branch_u",583
"197-D9a","Vicky1-b6-197-D9A.mzXML","isolate","197-D9","UT","Vicky1-b6-197-D9A","branch_u","a","clu6_1","Southwest",84758,"clu6_1-branch_u",710
"197-D9b","Vicky1-b6-197-D9B.mzXML","isolate","197-D9","UT","Vicky1-b6-197-D9B","branch_u","b","clu6_1","Southwest",84758,"clu6_1-branch_u",365
"197-E10a","Vicky1-c3-197-E10A.mzXML","isolate","197-E10","UT","Vicky1-c3-197-E10A","branch_y","a","clu6_3","Southwest",84758,"clu6_3-branch_y",578
"197-E10b","Vicky1-c3-197-E10B.mzXML","isolate","197-E10","UT","Vicky1-c3-197-E10B","branch_y","b","clu6_3","Southwest",84758,"clu6_3-branch_y",618
"199-A7a","Vicky1-b7-199-A7A.mzXML","isolate","199-A7","AZ","Vicky1-b7-199-A7A","branch_u","a","clu6_1","Southwest",85280,"clu6_1-branch_u",438
"199-A7b","Vicky1-b7-199-A7B.mzXML","isolate","199-A7","AZ","Vicky1-b7-199-A7B","branch_u","b","clu6_1","Southwest",85280,"clu6_1-branch_u",308
"200-A5a","Vicky1-c5-200-A5A.mzXML","isolate","200-A5","AK","Vicky1-c5-200-A5A","branch_y","a","clu6_3","Alaska",99824,"clu6_3-branch_y",717
"200-A5b","Vicky1-c5-200-A5B.mzXML","isolate","200-A5","AK","Vicky1-c5-200-A5B","branch_y","b","clu6_3","Alaska",99824,"clu6_3-branch_y",485
"201-B8a","Vicky3-b11-201-B8A.mzXML","isolate","201-B8","CA","Vicky3-b11-201-B8A","branch_u","a","clu6_2","West",92887,"clu6_2-branch_u",1132
"201-B8b","Vicky3-b11-201-B8B.mzXML","isolate","201-B8","CA","Vicky3-b11-201-B8B","branch_u","b","clu6_1","West",92887,"clu6_1-branch_u",433
"201-E4a","Vicky1-b8-201-E4A.mzXML","isolate","201-E4","FL","Vicky1-b8-201-E4A","branch_u","a","clu6_1","Southeast",33993,"clu6_1-branch_u",572
"201-E4b","Vicky1-b8-201-E4B.mzXML","isolate","201-E4","FL","Vicky1-b8-201-E4B","branch_u","b","clu6_1","Southeast",33993,"clu6_1-branch_u",596
"236-G1a","Vicky1-d11-236-G1A.mzXML","isolate","236-G1","OR","Vicky1-d11-236-G1A","branch_y","a","clu6_3","Northwest",97498,"clu6_3-branch_y",643
"236-G1b","Vicky1-d11-236-G1B.mzXML","isolate","236-G1","OR","Vicky1-d11-236-G1B","branch_y","b","clu6_3","Northwest",97498,"clu6_3-branch_y",284
"238-B1a","Vicky2-c5-238-B1A.mzXML","isolate","238-B1","CO","Vicky2-c5-238-B1A","branch_u","a","clu6_1","Southwest",80447,"clu6_1-branch_u",564
"238-B1b","Vicky2-c5-238-B1B.mzXML","isolate","238-B1","CO","Vicky2-c5-238-B1B","branch_u","b","clu6_1","Southwest",80447,"clu6_1-branch_u",460
"239-D10a","Vicky1-e5-239-D10A.mzXML","isolate","239-D10","TX","Vicky1-e5-239-D10A","branch_u","a","clu6_1","South",78734,"clu6_1-branch_u",409
"239-D10b","Vicky1-e5-239-D10B.mzXML","isolate","239-D10","TX","Vicky1-e5-239-D10B","branch_u","b","clu6_1","South",78734,"clu6_1-branch_u",324
"239-D12a","Vicky1-b4-239-D12A.mzXML","isolate","239-D12","TX","Vicky1-b4-239-D12A","branch_u","a","clu6_1","South",78734,"clu6_1-branch_u",373
"239-D12b","Vicky1-b4-239-D12B.mzXML","isolate","239-D12","TX","Vicky1-b4-239-D12B","branch_u","b","clu6_1","South",78734,"clu6_1-branch_u",735
"239-G9a","Vicky1-b3-239-G9A.mzXML","isolate","239-G9","WA","Vicky1-b3-239-G9A","branch_u","a","clu6_1","Northwest",99353,"clu6_1-branch_u",310
"239-G9b","Vicky1-b3-239-G9B.mzXML","isolate","239-G9","WA","Vicky1-b3-239-G9B","branch_u","b","clu6_1","Northwest",99353,"clu6_1-branch_u",657
"239-H3a","Vicky2-c12-239-H3A.mzXML","isolate","239-H3","WA","Vicky2-c12-239-H3A","branch_v","a","clu6_5","Northwest",99353,"clu6_5-branch_v",464
"239-H3b","Vicky2-c12-239-H3B.mzXML","isolate","239-H3","WA","Vicky2-c12-239-H3B","branch_v","b","clu6_5","Northwest",99353,"clu6_5-branch_v",283
"239-H7a","Vicky2-c6-239-H7A.mzXML","isolate","239-H7","WA","Vicky2-c6-239-H7A","branch_u","a","clu6_1","Northwest",99353,"clu6_1-branch_u",710
"239-H7b","Vicky2-c6-239-H7B.mzXML","isolate","239-H7","WA","Vicky2-c6-239-H7B","branch_u","b","clu6_1","Northwest",99353,"clu6_1-branch_u",768
"239-H8a","Vicky3-a8-239-H8A.mzXML","isolate","239-H8","WA","Vicky3-a8-239-H8A","branch_u","a","clu6_1","Northwest",99353,"clu6_1-branch_u",564
"239-H8b","Vicky3-a8-239-H8B.mzXML","isolate","239-H8","WA","Vicky3-a8-239-H8B","branch_u","b","clu6_1","Northwest",99353,"clu6_1-branch_u",655
"241-F8a","Vicky1-f10-241-F8A.mzXML","isolate","241-F8","MN","Vicky1-f10-241-F8A","branch_u","a","clu6_1","East North Central",55417,"clu6_1-branch_u",538
"241-F8b","Vicky1-f10-241-F8B.mzXML","isolate","241-F8","MN","Vicky1-f10-241-F8B","branch_u","b","clu6_1","East North Central",55417,"clu6_1-branch_u",302
"241-F9a","Vicky2-c11-241-F9A.mzXML","isolate","241-F9","MN","Vicky2-c11-241-F9A","branch_u","a","clu6_1","East North Central",55417,"clu6_1-branch_u",635
"241-F9b","Vicky2-c11-241-F9B.mzXML","isolate","241-F9","MN","Vicky2-c11-241-F9B","branch_u","b","clu6_1","East North Central",55417,"clu6_1-branch_u",568
"244-G12a","Vicky2-d2-244-G12A.mzXML","isolate","244-G12","MI","Vicky2-d2-244-G12A","branch_u","a","clu6_1","East North Central",49802,"clu6_1-branch_u",520
"244-G12b","Vicky2-d2-244-G12B.mzXML","isolate","244-G12","MI","Vicky2-d2-244-G12B","branch_u","b","clu6_1","East North Central",49802,"clu6_1-branch_u",359
"245-E10a","Vicky2-c8-245-E10A.mzXML","isolate","245-E10","PA","Vicky2-c8-245-E10A","branch_u","a","clu6_1","Northeast",18105,"clu6_1-branch_u",449
"245-E10b","Vicky2-c8-245-E10B.mzXML","isolate","245-E10","PA","Vicky2-c8-245-E10B","branch_u","b","clu6_1","Northeast",18105,"clu6_1-branch_u",353
"247-G9a","Vicky2-c9-247-G9A.mzXML","isolate","247-G9","UT","Vicky2-c9-247-G9A","branch_u","a","clu6_1","Southwest",84601,"clu6_1-branch_u",526
"247-G9b","Vicky2-c9-247-G9B.mzXML","isolate","247-G9","UT","Vicky2-c9-247-G9B","branch_u","b","clu6_1","Southwest",84601,"clu6_1-branch_u",394
"253-D6a","Vicky2-e3-253-D6A.mzXML","isolate","253-D6","CA","Vicky2-e3-253-D6A","branch_v","a","clu6_4","West",92624,"clu6_4-branch_v",490
"253-D6b","Vicky2-e3-253-D6B.mzXML","isolate","253-D6","CA","Vicky2-e3-253-D6B","branch_v","b","clu6_4","West",92624,"clu6_4-branch_v",245
"253-G9a","Vicky1-d12-253-G9A.mzXML","isolate","253-G9","MN","Vicky1-d12-253-G9A","branch_u","a","clu6_1","East North Central",56601,"clu6_1-branch_u",558
"253-G9b","Vicky1-d12-253-G9B.mzXML","isolate","253-G9","MN","Vicky1-d12-253-G9B","branch_u","b","clu6_1","East North Central",56601,"clu6_1-branch_u",428
"258-B8a","Vicky2-d1-258-B8A.mzXML","isolate","258-B8","AL","Vicky2-d1-258-B8A","branch_u","a","clu6_1","Southeast",35216,"clu6_1-branch_u",512
"258-B8b","Vicky2-d1-258-B8B.mzXML","isolate","258-B8","AL","Vicky2-d1-258-B8B","branch_u","b","clu6_1","Southeast",35216,"clu6_1-branch_u",295
"260-C1a","Vicky1-b5-260-C1A.mzXML","isolate","260-C1","CA","Vicky1-b5-260-C1A","branch_u","a","clu6_1","West",92694,"clu6_1-branch_u",874
"260-C1b","Vicky1-b5-260-C1B.mzXML","isolate","260-C1","CA","Vicky1-b5-260-C1B","branch_u","b","clu6_1","West",92694,"clu6_1-branch_u",583
"260-D5a","Vicky1-a12-260-D5A.mzXML","isolate","260-D5","CA","Vicky1-a12-260-D5A","branch_u","a","clu6_1","West",92629,"clu6_1-branch_u",1046
"260-D5b","Vicky1-a12-260-D5B.mzXML","isolate","260-D5","CA","Vicky1-a12-260-D5B","branch_u","b","clu6_1","West",92629,"clu6_1-branch_u",734
"260-D9a","Vicky2-g4-260-D9A.mzXML","isolate","260-D9","CA","Vicky2-g4-260-D9A","branch_w","a","clu6_2","West",92624,"clu6_2-branch_w",217
"260-D9b","Vicky2-g4-260-D9B.mzXML","isolate","260-D9","CA","Vicky2-g4-260-D9B","branch_w","b","clu6_2","West",92624,"clu6_2-branch_w",149
"262-B7a","Vicky1-f11-262-B7A.mzXML","isolate","262-B7","CA","Vicky1-f11-262-B7A","branch_u","a","clu6_1","West",92624,"clu6_1-branch_u",702
"262-B7b","Vicky1-f11-262-B7B.mzXML","isolate","262-B7","CA","Vicky1-f11-262-B7B","branch_u","b","clu6_1","West",92624,"clu6_1-branch_u",675
"263-C1a","Vicky3-a9-263-C1A.mzXML","isolate","263-C1","CA","Vicky3-a9-263-C1A","branch_v","a","clu6_2","West",92673,"clu6_2-branch_v",535
"263-C1b","Vicky3-a9-263-C1B.mzXML","isolate","263-C1","CA","Vicky3-a9-263-C1B","branch_v","b","clu6_2","West",92673,"clu6_2-branch_v",162
"263-C2a","Vicky1-e1-263-C2A.mzXML","isolate","263-C2","CA","Vicky1-e1-263-C2A","branch_u","a","clu6_1","West",92673,"clu6_1-branch_u",746
"263-C2b","Vicky1-e1-263-C2B.mzXML","isolate","263-C2","CA","Vicky1-e1-263-C2B","branch_u","b","clu6_1","West",92673,"clu6_1-branch_u",554
"264-C2a","Vicky1-c4-264-C2A.mzXML","isolate","264-C2","UT","Vicky1-c4-264-C2A","branch_y","a","clu6_3","Southwest",84321,"clu6_3-branch_y",548
"264-C2b","Vicky1-c4-264-C2B.mzXML","isolate","264-C2","UT","Vicky1-c4-264-C2B","branch_y","b","clu6_3","Southwest",84321,"clu6_3-branch_y",388
"264-D2a","Vicky1-e12-264-D2A.mzXML","isolate","264-D2","UT","Vicky1-e12-264-D2A","branch_y","a","clu6_3","Southwest",84321,"clu6_3-branch_y",354
"264-D2b","Vicky1-e12-264-D2B.mzXML","isolate","264-D2","UT","Vicky1-e12-264-D2B","branch_y","b","clu6_3","Southwest",84321,"clu6_3-branch_y",450
"266-C12a","Vicky1-h3-266-C12A.mzXML","isolate","266-C12","CA","Vicky1-h3-266-C12A","branch_u","a","clu6_1","West",92694,"clu6_1-branch_u",527
"266-C12b","Vicky1-h3-266-C12B.mzXML","isolate","266-C12","CA","Vicky1-h3-266-C12B","branch_u","b","clu6_1","West",92694,"clu6_1-branch_u",243
"266-H2a","Vicky1-e9-266-H2A.mzXML","isolate","266-H2","CA","Vicky1-e9-266-H2A","branch_u","a","clu6_1","West",92675,"clu6_1-branch_u",401
"266-H2b","Vicky1-e9-266-H2B.mzXML","isolate","266-H2","CA","Vicky1-e9-266-H2B","branch_u","b","clu6_1","West",92675,"clu6_1-branch_u",346
"267-A5a","Vicky1-f8-267-A5A.mzXML","isolate","267-A5","UT","Vicky1-f8-267-A5A","branch_u","a","clu6_1","Southwest",84321,"clu6_1-branch_u",676
"267-A5b","Vicky1-f8-267-A5B.mzXML","isolate","267-A5","UT","Vicky1-f8-267-A5B","branch_u","b","clu6_1","Southwest",84321,"clu6_1-branch_u",488
"267-B12a","Vicky1-e11-267-B12A.mzXML","isolate","267-B12","UT","Vicky1-e11-267-B12A","branch_u","a","clu6_1","Southwest",84321,"clu6_1-branch_u",390
"267-B12b","Vicky1-e11-267-B12B.mzXML","isolate","267-B12","UT","Vicky1-e11-267-B12B","branch_u","b","clu6_1","Southwest",84321,"clu6_1-branch_u",423
"267-F12a","Vicky2-g11-267-F12A.mzXML","isolate","267-F12","UT","Vicky2-g11-267-F12A","branch_v","a","clu6_4","Southwest",84321,"clu6_4-branch_v",304
"267-F12b","Vicky2-g11-267-F12B.mzXML","isolate","267-F12","UT","Vicky2-g11-267-F12B","branch_v","b","clu6_4","Southwest",84321,"clu6_4-branch_v",212
"267-G2a","Vicky2-g10-267-G2A.mzXML","isolate","267-G2","CA","Vicky2-g10-267-G2A","branch_u","a","clu6_1","West",92694,"clu6_1-branch_u",534
"267-G2b","Vicky2-g10-267-G2B.mzXML","isolate","267-G2","CA","Vicky2-g10-267-G2B","branch_u","b","clu6_1","West",92694,"clu6_1-branch_u",543
"268-A6a","Vicky1-d9-268-A6A.mzXML","isolate","268-A6","CA","Vicky1-d9-268-A6A","branch_u","a","clu6_2","West",92675,"clu6_2-branch_u",391
"268-A6b","Vicky1-d9-268-A6B.mzXML","isolate","268-A6","CA","Vicky1-d9-268-A6B","branch_u","b","clu6_2","West",92675,"clu6_2-branch_u",639
"268-A8a","Vicky2-b4-268-A8A.mzXML","isolate","268-A8","CA","Vicky2-b4-268-A8A","branch_u","a","clu6_1","West",92675,"clu6_1-branch_u",488
"268-A8b","Vicky2-b4-268-A8B.mzXML","isolate","268-A8","CA","Vicky2-b4-268-A8B","branch_u","b","clu6_1","West",92675,"clu6_1-branch_u",399
"268-B1a","Vicky1-h2-268-B1A.mzXML","isolate","268-B1","CA","Vicky1-h2-268-B1A","branch_u","a","clu6_1","West",92694,"clu6_1-branch_u",609
"268-B1b","Vicky1-h2-268-B1B.mzXML","isolate","268-B1","CA","Vicky1-h2-268-B1B","branch_u","b","clu6_1","West",92694,"clu6_1-branch_u",495
"268-F1a","Vicky1-c1-268-F1A.mzXML","isolate","268-F1","UT","Vicky1-c1-268-F1A","branch_y","a","clu6_3","Southwest",84341,"clu6_3-branch_y",673
"268-F1b","Vicky1-c1-268-F1B.mzXML","isolate","268-F1","UT","Vicky1-c1-268-F1B","branch_y","b","clu6_3","Southwest",84341,"clu6_3-branch_y",485
"269-B2a","Vicky2-a1-269-B2A.mzXML","isolate","269-B2","WY","Vicky2-a1-269-B2A","branch_v","a","clu6_5","West North Central",82434,"clu6_5-branch_v",686
"269-B2b","Vicky2-a1-269-B2B.mzXML","isolate","269-B2","WY","Vicky2-a1-269-B2B","branch_v","b","clu6_5","West North Central",82434,"clu6_5-branch_v",438
"269-B4a","Vicky2-g3-269-B4A.mzXML","isolate","269-B4","WY","Vicky2-g3-269-B4A","branch_u","a","clu6_1","West North Central",82434,"clu6_1-branch_u",799
"269-B4b","Vicky2-g3-269-B4B.mzXML","isolate","269-B4","WY","Vicky2-g3-269-B4B","branch_u","b","clu6_1","West North Central",82434,"clu6_1-branch_u",586
"269-D2a","Vicky1-c2-269-D2A.mzXML","isolate","269-D2","UT","Vicky1-c2-269-D2A","branch_y","a","clu6_3","Southwest",84322,"clu6_3-branch_y",516
"269-D2b","Vicky1-c2-269-D2B.mzXML","isolate","269-D2","UT","Vicky1-c2-269-D2B","branch_y","b","clu6_3","Southwest",84322,"clu6_3-branch_y",402
"269-E10a","Vicky1-h5-269-E10A.mzXML","isolate","269-E10","UT","Vicky1-h5-269-E10A","branch_w","a","clu6_2","Southwest",84318,"clu6_2-branch_w",317
"269-E10b","Vicky1-h5-269-E10B.mzXML","isolate","269-E10","UT","Vicky1-h5-269-E10B","branch_w","b","clu6_2","Southwest",84318,"clu6_2-branch_w",246
"269-E9a","Vicky1-h4-269-E9A.mzXML","isolate","269-E9","UT","Vicky1-h4-269-E9A","branch_w","a","clu6_2","Southwest",84318,"clu6_2-branch_w",216
"269-E9b","Vicky1-h4-269-E9B.mzXML","isolate","269-E9","UT","Vicky1-h4-269-E9B","branch_w","b","clu6_2","Southwest",84318,"clu6_2-branch_w",317
"272-A11a","Vicky1-e6-272-A11A.mzXML","isolate","272-A11","CA","Vicky1-e6-272-A11A","branch_u","a","clu6_1","West",91351,"clu6_1-branch_u",542
"272-A11b","Vicky1-e6-272-A11B.mzXML","isolate","272-A11","CA","Vicky1-e6-272-A11B","branch_u","b","clu6_1","West",91351,"clu6_1-branch_u",483
"272-A8a","Vicky2-b3-272-A8A.mzXML","isolate","272-A8","CA","Vicky2-b3-272-A8A","branch_u","a","clu6_1","West",91351,"clu6_1-branch_u",604
"272-A8b","Vicky2-b3-272-A8B.mzXML","isolate","272-A8","CA","Vicky2-b3-272-A8B","branch_u","b","clu6_1","West",91351,"clu6_1-branch_u",447
"275-C3a","Vicky1-e4-275-C3A.mzXML","isolate","275-C3","MO","Vicky1-e4-275-C3A","branch_u","a","clu6_1","Central",64015,"clu6_1-branch_u",377
"275-C3b","Vicky1-e4-275-C3B.mzXML","isolate","275-C3","MO","Vicky1-e4-275-C3B","branch_u","b","clu6_1","Central",64015,"clu6_1-branch_u",504
"279-H6a","Vicky1-e3-279-H6A.mzXML","isolate","279-H6","WA","Vicky1-e3-279-H6A","branch_u","a","clu6_1","Northwest",99125,"clu6_1-branch_u",728
"279-H6b","Vicky1-e3-279-H6B.mzXML","isolate","279-H6","WA","Vicky1-e3-279-H6B","branch_u","b","clu6_1","Northwest",99125,"clu6_1-branch_u",514
"280-A8a","Vicky1-d5-280-A8A.mzXML","isolate","280-A8","CA","Vicky1-d5-280-A8A","branch_u","a","clu6_1","West",92570,"clu6_1-branch_u",635
"280-A8b","Vicky1-d5-280-A8B.mzXML","isolate","280-A8","CA","Vicky1-d5-280-A8B","branch_u","b","clu6_1","West",92570,"clu6_1-branch_u",394
"280-B9a","Vicky3-c1-280-B9A.mzXML","isolate","280-B9","CA","Vicky3-c1-280-B9A","branch_u","a","clu6_1","West",95125,"clu6_1-branch_u",380
"280-B9b","Vicky3-c1-280-B9B.mzXML","isolate","280-B9","CA","Vicky3-c1-280-B9B","branch_u","b","clu6_1","West",95125,"clu6_1-branch_u",433
"282-B3a","Vicky2-f1-282-B3A.mzXML","isolate","282-B3","UT","Vicky2-f1-282-B3A","branch_v","a","clu6_4","Southwest",84337,"clu6_4-branch_v",357
"282-B3b","Vicky2-f1-282-B3B.mzXML","isolate","282-B3","UT","Vicky2-f1-282-B3B","branch_v","b","clu6_4","Southwest",84337,"clu6_4-branch_v",379
"282-B6a","Vicky2-a12-282-B6A.mzXML","isolate","282-B6","UT","Vicky2-a12-282-B6A","branch_w","a","clu6_2","Southwest",84337,"clu6_2-branch_w",324
"282-B6b","Vicky2-a12-282-B6B.mzXML","isolate","282-B6","UT","Vicky2-a12-282-B6B","branch_w","b","clu6_2","Southwest",84337,"clu6_2-branch_w",289
"282-E10a","Vicky1-e7-282-E10A.mzXML","isolate","282-E10","MD","Vicky1-e7-282-E10A","branch_u","a","clu6_1","Northeast",21219,"clu6_1-branch_u",472
"282-E10b","Vicky1-e7-282-E10B.mzXML","isolate","282-E10","MD","Vicky1-e7-282-E10B","branch_u","b","clu6_1","Northeast",21219,"clu6_1-branch_u",548
"286-G9a","Vicky2-c3-286-G9A.mzXML","isolate","286-G9","OH","Vicky2-c3-286-G9A","branch_x","a","clu6_2","Central",44621,"clu6_2-branch_x",154
"286-G9b","Vicky2-c3-286-G9B.mzXML","isolate","286-G9","OH","Vicky2-c3-286-G9B","branch_x","b","clu6_2","Central",44621,"clu6_2-branch_x",95
"295-C11a","Vicky2-e1-295-C11A.mzXML","isolate","295-C11","ID","Vicky2-e1-295-C11A","branch_v","a","clu6_4","Northwest",83301,"clu6_4-branch_v",280
"295-C11b","Vicky2-e1-295-C11B.mzXML","isolate","295-C11","ID","Vicky2-e1-295-C11B","branch_v","b","clu6_4","Northwest",83301,"clu6_4-branch_v",179
"296-H5a","Vicky2-g1-296-H5A.mzXML","isolate","296-H5","UT","Vicky2-g1-296-H5A","branch_v","a","clu6_4","Southwest",84041,"clu6_4-branch_v",286
"296-H5b","Vicky2-g1-296-H5B.mzXML","isolate","296-H5","UT","Vicky2-g1-296-H5B","branch_v","b","clu6_4","Southwest",84041,"clu6_4-branch_v",272
"306-B5a","Vicky1-d6-306-B5A.mzXML","isolate","306-B5","AZ","Vicky1-d6-306-B5A","branch_u","a","clu6_2","Southwest",85255,"clu6_2-branch_u",1308
"306-B5b","Vicky1-d6-306-B5B.mzXML","isolate","306-B5","AZ","Vicky1-d6-306-B5B","branch_u","b","clu6_2","Southwest",85255,"clu6_2-branch_u",1299
"307-A3a","Vicky1-e2-307-A3A.mzXML","isolate","307-A3","MO","Vicky1-e2-307-A3A","branch_u","a","clu6_1","Central",64015,"clu6_1-branch_u",501
"307-A3b","Vicky1-e2-307-A3B.mzXML","isolate","307-A3","MO","Vicky1-e2-307-A3B","branch_u","b","clu6_1","Central",64015,"clu6_1-branch_u",538
"307-C11a","Vicky1-d4-307-C11A.mzXML","isolate","307-C11","CA","Vicky1-d4-307-C11A","branch_u","a","clu6_1","West",95125,"clu6_1-branch_u",530
"307-C11b","Vicky1-d4-307-C11B.mzXML","isolate","307-C11","CA","Vicky1-d4-307-C11B","branch_u","b","clu6_1","West",95125,"clu6_1-branch_u",582
"308-A12a","Vicky2-e4-308-A12A.mzXML","isolate","308-A12","CO","Vicky2-e4-308-A12A","branch_v","a","clu6_4","Southwest",80401,"clu6_4-branch_v",344
"308-A12b","Vicky2-e4-308-A12B.mzXML","isolate","308-A12","CO","Vicky2-e4-308-A12B","branch_v","b","clu6_4","Southwest",80401,"clu6_4-branch_v",319
"308-G8a","Vicky3-a1-308-G8A.mzXML","isolate","308-G8","CA","Vicky3-a1-308-G8A","branch_u","a","clu6_1","West",95673,"clu6_1-branch_u",403
"308-G8b","Vicky3-a1-308-G8B.mzXML","isolate","308-G8","CA","Vicky3-a1-308-G8B","branch_u","b","clu6_2","West",95673,"clu6_2-branch_u",507
"310-A12a","Vicky2-h1-310-A12A.mzXML","isolate","310-A12","AZ","Vicky2-h1-310-A12A","branch_v","a","clu6_5","Southwest",85086,"clu6_5-branch_v",721
"310-A12b","Vicky2-h1-310-A12B.mzXML","isolate","310-A12","AZ","Vicky2-h1-310-A12B","branch_v","b","clu6_5","Southwest",85086,"clu6_5-branch_v",233
"310-G10a","Vicky1-c6-310-G10A.mzXML","isolate","310-G10","OK","Vicky1-c6-310-G10A","branch_u","a","clu6_1","South",73119,"clu6_1-branch_u",906
"310-G10b","Vicky1-c6-310-G10B.mzXML","isolate","310-G10","OK","Vicky1-c6-310-G10B","branch_u","b","clu6_1","South",73119,"clu6_1-branch_u",724
"315-H8a","Vicky2-h8-315-H8B.mzXML","isolate","315-H8","CO","Vicky2-h8-315-H8B","branch_v","a","clu6_4","Southwest",81101,"clu6_4-branch_v",475
"315-H8b","Vicky2-h8-315-H8A.mzXML","isolate","315-H8","CO","Vicky2-h8-315-H8A","branch_v","b","clu6_4","Southwest",81101,"clu6_4-branch_v",527
"316-E1a","Vicky1-d8-316-E1A.mzXML","isolate","316-E1","NV","Vicky1-d8-316-E1A","branch_u","a","clu6_1","West",89406,"clu6_1-branch_u",826
"316-E1b","Vicky1-d8-316-E1B.mzXML","isolate","316-E1","NV","Vicky1-d8-316-E1B","branch_u","b","clu6_1","West",89406,"clu6_1-branch_u",717
"316-E2a","Vicky1-c7-316-E2A.mzXML","isolate","316-E2","NV","Vicky1-c7-316-E2A","branch_u","a","clu6_1","West",89406,"clu6_1-branch_u",720
"316-E2b","Vicky1-c7-316-E2B.mzXML","isolate","316-E2","NV","Vicky1-c7-316-E2B","branch_u","b","clu6_1","West",89406,"clu6_1-branch_u",973
"319-E8a","Vicky1-f12-319-E8A.mzXML","isolate","319-E8","CT","Vicky1-f12-319-E8A","branch_u","a","clu6_1","Northeast",6902,"clu6_1-branch_u",461
"319-E8b","Vicky1-f12-319-E8B.mzXML","isolate","319-E8","CT","Vicky1-f12-319-E8B","branch_u","b","clu6_1","Northeast",6902,"clu6_1-branch_u",768
"323-A8a","Vicky2-g5-323-A8A.mzXML","isolate","323-A8","WA","Vicky2-g5-323-A8A","branch_v","a","clu6_2","Northwest",99166,"clu6_2-branch_v",204
"323-A8b","Vicky2-g5-323-A8B.mzXML","isolate","323-A8","WA","Vicky2-g5-323-A8B","branch_v","b","clu6_2","Northwest",99166,"clu6_2-branch_v",146
"325-E11a","Vicky2-c2-325-E11A.mzXML","isolate","325-E11","TX","Vicky2-c2-325-E11A","branch_x","a","clu6_6","South",75218,"clu6_6-branch_x",382
"325-E11b","Vicky2-c2-325-E11B.mzXML","isolate","325-E11","TX","Vicky2-c2-325-E11B","branch_x","b","clu6_6","South",75218,"clu6_6-branch_x",346
"326-C4a","Vicky2-h6-326-C4B.mzXML","isolate","326-C4","NV","Vicky2-h6-326-C4B","branch_v","a","clu6_5","West",89436,"clu6_5-branch_v",339
"326-C4b","Vicky2-h6-326-C4A.mzXML","isolate","326-C4","NV","Vicky2-h6-326-C4A","branch_v","b","clu6_5","West",89436,"clu6_5-branch_v",517
"330-C2a","Vicky1-g2-330-C2A.mzXML","isolate","330-C2","IL","Vicky1-g2-330-C2A","branch_u","a","clu6_1","Central",60304,"clu6_1-branch_u",369
"330-C2b","Vicky1-g2-330-C2B.mzXML","isolate","330-C2","IL","Vicky1-g2-330-C2B","branch_u","b","clu6_1","Central",60304,"clu6_1-branch_u",236
"331-B9a","Vicky3-a3-331-B9A.mzXML","isolate","331-B9","FL","Vicky3-a3-331-B9A","branch_u","a","clu6_2","Southeast",32578,"clu6_2-branch_u",935
"331-B9b","Vicky3-a3-331-B9B.mzXML","isolate","331-B9","FL","Vicky3-a3-331-B9B","branch_u","b","clu6_2","Southeast",32578,"clu6_2-branch_u",484
"331-G7a","Vicky1-g4-331-G7A.mzXML","isolate","331-G7","UT","Vicky1-g4-331-G7A","branch_u","a","clu6_1","Southwest",84651,"clu6_1-branch_u",615
"331-G7b","Vicky1-g4-331-G7B.mzXML","isolate","331-G7","UT","Vicky1-g4-331-G7B","branch_u","b","clu6_1","Southwest",84651,"clu6_1-branch_u",540
"333-A8a","Vicky2-f6-333-A8A.mzXML","isolate","333-A8","AZ","Vicky2-f6-333-A8A","branch_v","a","clu6_5","Southwest",85013,"clu6_5-branch_v",473
"333-A8b","Vicky2-f6-333-A8B.mzXML","isolate","333-A8","AZ","Vicky2-f6-333-A8B","branch_v","b","clu6_5","Southwest",85013,"clu6_5-branch_v",430
"333-E11a","Vicky1-g1-333-E11A.mzXML","isolate","333-E11","OK","Vicky1-g1-333-E11A","branch_u","a","clu6_2","South",73112,"clu6_2-branch_u",1103
"333-E11b","Vicky1-g1-333-E11B.mzXML","isolate","333-E11","OK","Vicky1-g1-333-E11B","branch_u","b","clu6_1","South",73112,"clu6_1-branch_u",589
"334-A8a","Vicky1-g12-334-A8A.mzXML","isolate","334-A8","UT","Vicky1-g12-334-A8A","branch_w","a","clu6_2","Southwest",84321,"clu6_2-branch_w",348
"334-A8b","Vicky1-g12-334-A8B.mzXML","isolate","334-A8","UT","Vicky1-g12-334-A8B","branch_w","b","clu6_2","Southwest",84321,"clu6_2-branch_w",247
"335-F9a","Vicky2-d7-335-F9A.mzXML","isolate","335-F9","NY","Vicky2-d7-335-F9A","branch_v","a","clu6_4","Northeast",10709,"clu6_4-branch_v",347
"335-F9b","Vicky2-d7-335-F9B.mzXML","isolate","335-F9","NY","Vicky2-d7-335-F9B","branch_v","b","clu6_4","Northeast",10709,"clu6_4-branch_v",412
"337-A5a","Vicky1-f2-337-A5A.mzXML","isolate","337-A5","AZ","Vicky1-f2-337-A5A","branch_u","a","clu6_1","Southwest",85637,"clu6_1-branch_u",459
"337-A5b","Vicky1-f2-337-A5B.mzXML","isolate","337-A5","AZ","Vicky1-f2-337-A5B","branch_u","b","clu6_1","Southwest",85637,"clu6_1-branch_u",337
"337-B2a","Vicky1-g6-337-B2A.mzXML","isolate","337-B2","AL","Vicky1-g6-337-B2A","branch_u","a","clu6_1","Southeast",36083,"clu6_1-branch_u",358
"337-B2b","Vicky1-g6-337-B2B.mzXML","isolate","337-B2","AL","Vicky1-g6-337-B2B","branch_u","b","clu6_1","Southeast",36083,"clu6_1-branch_u",278
"339-A11a","Vicky2-h2-339-A11B.mzXML","isolate","339-A11","AZ","Vicky2-h2-339-A11B","branch_u","a","clu6_1","Southwest",85006,"clu6_1-branch_u",199
"339-A11b","Vicky2-h2-339-A11A.mzXML","isolate","339-A11","AZ","Vicky2-h2-339-A11A","branch_u","b","clu6_1","Southwest",85006,"clu6_1-branch_u",405
"339-F8a","Vicky2-d8-339-F8A.mzXML","isolate","339-F8","OR","Vicky2-d8-339-F8A","branch_v","a","clu6_4","Northwest",97216,"clu6_4-branch_v",258
"339-F8b","Vicky2-d8-339-F8B.mzXML","isolate","339-F8","OR","Vicky2-d8-339-F8B","branch_v","b","clu6_4","Northwest",97216,"clu6_4-branch_v",233
"340-B7a","Vicky3-a7-340-B7A.mzXML","isolate","340-B7","AZ","Vicky3-a7-340-B7A","branch_u","a","clu6_1","Southwest",85006,"clu6_1-branch_u",720
"340-B7b","Vicky3-a7-340-B7B.mzXML","isolate","340-B7","AZ","Vicky3-a7-340-B7B","branch_u","b","clu6_1","Southwest",85006,"clu6_1-branch_u",672
"342-G4a","Vicky1-f3-342-G4A.mzXML","isolate","342-G4","OK","Vicky1-f3-342-G4A","branch_u","a","clu6_1","South",74047,"clu6_1-branch_u",809
"342-G4b","Vicky1-f3-342-G4B.mzXML","isolate","342-G4","OK","Vicky1-f3-342-G4B","branch_u","b","clu6_1","South",74047,"clu6_1-branch_u",753
"342-G5a","Vicky1-g7-342-G5A.mzXML","isolate","342-G5","OK","Vicky1-g7-342-G5A","branch_u","a","clu6_1","South",74047,"clu6_1-branch_u",577
"342-G5b","Vicky1-g7-342-G5B.mzXML","isolate","342-G5","OK","Vicky1-g7-342-G5B","branch_u","b","clu6_1","South",74047,"clu6_1-branch_u",631
"346-A6a","Vicky1-h8-346-A6A.mzXML","isolate","346-A6","AZ","Vicky1-h8-346-A6A","branch_u","a","clu6_1","Southwest",85006,"clu6_1-branch_u",535
"346-A6b","Vicky1-h8-346-A6B.mzXML","isolate","346-A6","AZ","Vicky1-h8-346-A6B","branch_u","b","clu6_1","Southwest",85006,"clu6_1-branch_u",514
"347-B1a","Vicky2-f9-347-B1A.mzXML","isolate","347-B1","CA","Vicky2-f9-347-B1A","branch_v","a","clu6_5","West",92373,"clu6_5-branch_v",492
"347-B1b","Vicky2-f9-347-B1B.mzXML","isolate","347-B1","CA","Vicky2-f9-347-B1B","branch_v","b","clu6_5","West",92373,"clu6_5-branch_v",221
"347-D10a","Vicky1-g9-347-D10A.mzXML","isolate","347-D10","OK","Vicky1-g9-347-D10A","branch_u","a","clu6_1","South",73055,"clu6_1-branch_u",354
"347-D10b","Vicky1-g9-347-D10B.mzXML","isolate","347-D10","OK","Vicky1-g9-347-D10B","branch_u","b","clu6_1","South",73055,"clu6_1-branch_u",326
"347-D12a","Vicky1-f4-347-D12A.mzXML","isolate","347-D12","NE","Vicky1-f4-347-D12A","branch_u","a","clu6_1","West North Central",68901,"clu6_1-branch_u",655
"347-D12b","Vicky1-f4-347-D12B.mzXML","isolate","347-D12","NE","Vicky1-f4-347-D12B","branch_u","b","clu6_1","West North Central",68901,"clu6_1-branch_u",606
"348-B5a","Vicky2-g8-348-B5A.mzXML","isolate","348-B5","CA","Vicky2-g8-348-B5A","branch_v","a","clu6_5","West",95110,"clu6_5-branch_v",345
"348-B5b","Vicky2-g8-348-B5B.mzXML","isolate","348-B5","CA","Vicky2-g8-348-B5B","branch_v","b","clu6_5","West",95110,"clu6_5-branch_v",339
"349-G2a","Vicky1-h7-349-G2A.mzXML","isolate","349-G2","TX","Vicky1-h7-349-G2A","branch_u","a","clu6_1","South",77511,"clu6_1-branch_u",575
"349-G2b","Vicky1-h7-349-G2B.mzXML","isolate","349-G2","TX","Vicky1-h7-349-G2B","branch_u","b","clu6_1","South",77511,"clu6_1-branch_u",474
"352-A7a","Vicky1-g8-352-A7A.mzXML","isolate","352-A7","CA","Vicky1-g8-352-A7A","branch_u","a","clu6_1","West",92705,"clu6_1-branch_u",899
"352-A7b","Vicky1-g8-352-A7B.mzXML","isolate","352-A7","CA","Vicky1-g8-352-A7B","branch_u","b","clu6_1","West",92705,"clu6_1-branch_u",614
"353-E9a","Vicky2-a7-353-E9A.mzXML","isolate","353-E9","MT","Vicky2-a7-353-E9A","branch_u","a","clu6_1","West North Central",59054,"clu6_1-branch_u",700
"353-E9b","Vicky2-a7-353-E9B.mzXML","isolate","353-E9","MT","Vicky2-a7-353-E9B","branch_u","b","clu6_1","West North Central",59054,"clu6_1-branch_u",598
"354-B6a","Vicky2-a6-354-B6A.mzXML","isolate","354-B6","OH","Vicky2-a6-354-B6A","branch_x","a","clu6_6","Central",44266,"clu6_6-branch_x",246
"354-B6b","Vicky2-a6-354-B6B.mzXML","isolate","354-B6","OH","Vicky2-a6-354-B6B","branch_x","b","clu6_6","Central",44266,"clu6_6-branch_x",216
"355-B5a","Vicky2-e5-355-B5A.mzXML","isolate","355-B5","UT","Vicky2-e5-355-B5A","branch_w","a","clu6_2","Southwest",84321,"clu6_2-branch_w",378
"355-B5b","Vicky2-e5-355-B5B.mzXML","isolate","355-B5","UT","Vicky2-e5-355-B5B","branch_w","b","clu6_2","Southwest",84321,"clu6_2-branch_w",324
"355-B6a","Vicky2-e9-355-B6A.mzXML","isolate","355-B6","UT","Vicky2-e9-355-B6A","branch_v","a","clu6_4","Southwest",84321,"clu6_4-branch_v",276
"355-B6b","Vicky2-e9-355-B6B.mzXML","isolate","355-B6","UT","Vicky2-e9-355-B6B","branch_v","b","clu6_4","Southwest",84321,"clu6_4-branch_v",387
"355-C2a","Vicky2-d6-355-C2A.mzXML","isolate","355-C2","UT","Vicky2-d6-355-C2A","branch_u","a","clu6_1","Southwest",84321,"clu6_1-branch_u",514
"355-C2b","Vicky2-d6-355-C2B.mzXML","isolate","355-C2","UT","Vicky2-d6-355-C2B","branch_u","b","clu6_1","Southwest",84321,"clu6_1-branch_u",625
"356-B9a","Vicky3-b4-356-B9A.mzXML","isolate","356-B9","UT","Vicky3-b4-356-B9A","branch_v","a","clu6_4","Southwest",84042,"clu6_4-branch_v",556
"356-B9b","Vicky3-b4-356-B9B.mzXML","isolate","356-B9","UT","Vicky3-b4-356-B9B","branch_v","b","clu6_4","Southwest",84042,"clu6_4-branch_v",473
"356-F7a","Vicky2-g6-356-F7A.mzXML","isolate","356-F7","ID","Vicky2-g6-356-F7A","branch_v","a","clu6_4","Northwest",83669,"clu6_4-branch_v",579
"356-F7b","Vicky2-g6-356-F7B.mzXML","isolate","356-F7","ID","Vicky2-g6-356-F7B","branch_v","b","clu6_4","Northwest",83669,"clu6_4-branch_v",268
"356-G10a","Vicky3-a5-356-G10A.mzXML","isolate","356-G10","IL","Vicky3-a5-356-G10A","branch_u","a","clu6_2","Central",62269,"clu6_2-branch_u",296
"356-G10b","Vicky3-a5-356-G10B.mzXML","isolate","356-G10","IL","Vicky3-a5-356-G10B","branch_u","b","clu6_1","Central",62269,"clu6_1-branch_u",334
"358-H1a","Vicky2-h7-358-H1B.mzXML","isolate","358-H1","OR","Vicky2-h7-358-H1B","branch_v","a","clu6_4","Northwest",97470,"clu6_4-branch_v",251
"358-H1b","Vicky2-h7-358-H1A.mzXML","isolate","358-H1","OR","Vicky2-h7-358-H1A","branch_v","b","clu6_4","Northwest",97470,"clu6_4-branch_v",404
"359-A3a","Vicky3-b5-359-A3A.mzXML","isolate","359-A3","CA","Vicky3-b5-359-A3A","branch_u","a","clu6_1","West",93065,"clu6_1-branch_u",465
"359-A3b","Vicky3-b5-359-A3B.mzXML","isolate","359-A3","CA","Vicky3-b5-359-A3B","branch_u","b","clu6_1","West",93065,"clu6_1-branch_u",338
"359-A7a","Vicky2-h5-359-A7B.mzXML","isolate","359-A7","CA","Vicky2-h5-359-A7B","branch_u","a","clu6_1","West",93065,"clu6_1-branch_u",800
"359-A7b","Vicky2-h5-359-A7A.mzXML","isolate","359-A7","CA","Vicky2-h5-359-A7A","branch_u","b","clu6_1","West",93065,"clu6_1-branch_u",952
"359-B7a","Vicky2-f7-359-B7A.mzXML","isolate","359-B7","CA","Vicky2-f7-359-B7A","branch_v","a","clu6_5","West",93065,"clu6_5-branch_v",326
"359-B7b","Vicky2-f7-359-B7B.mzXML","isolate","359-B7","CA","Vicky2-f7-359-B7B","branch_v","b","clu6_5","West",93065,"clu6_5-branch_v",428
"359-B9a","Vicky2-h3-359-B9B.mzXML","isolate","359-B9","CA","Vicky2-h3-359-B9B","branch_u","a","clu6_1","West",93065,"clu6_1-branch_u",709
"359-B9b","Vicky2-h3-359-B9A.mzXML","isolate","359-B9","CA","Vicky2-h3-359-B9A","branch_u","b","clu6_1","West",93065,"clu6_1-branch_u",494
"359-D5a","Vicky3-a6-359-D5A.mzXML","isolate","359-D5","CA","Vicky3-a6-359-D5A","branch_u","a","clu6_1","West",93065,"clu6_1-branch_u",459
"359-D5b","Vicky3-a6-359-D5B.mzXML","isolate","359-D5","CA","Vicky3-a6-359-D5B","branch_u","b","clu6_1","West",93065,"clu6_1-branch_u",435
"360-C1a","Vicky2-f4-360-C1A.mzXML","isolate","360-C1","CO","Vicky2-f4-360-C1A","branch_u","a","clu6_1","Southwest",80911,"clu6_1-branch_u",741
"360-C1b","Vicky2-f4-360-C1B.mzXML","isolate","360-C1","CO","Vicky2-f4-360-C1B","branch_u","b","clu6_1","Southwest",80911,"clu6_1-branch_u",786
"360-F7a","Vicky2-b10-360-F7A.mzXML","isolate","360-F7","MO","Vicky2-b10-360-F7A","branch_x","a","clu6_6","Central",64015,"clu6_6-branch_x",255
"360-F7b","Vicky2-b10-360-F7B.mzXML","isolate","360-F7","MO","Vicky2-b10-360-F7B","branch_x","b","clu6_6","Central",64015,"clu6_6-branch_x",311
"361-E4a","Vicky2-e7-361-E4A.mzXML","isolate","361-E4","MO","Vicky2-e7-361-E4A","branch_u","a","clu6_2","Central",64064,"clu6_2-branch_u",303
"361-E4b","Vicky2-e7-361-E4B.mzXML","isolate","361-E4","MO","Vicky2-e7-361-E4B","branch_u","b","clu6_2","Central",64064,"clu6_2-branch_u",136
"361-G5a","Vicky2-c1-361-G5A.mzXML","isolate","361-G5","MO","Vicky2-c1-361-G5A","branch_x","a","clu6_2","Central",64064,"clu6_2-branch_x",209
"361-G5b","Vicky2-c1-361-G5B.mzXML","isolate","361-G5","MO","Vicky2-c1-361-G5B","branch_x","b","clu6_2","Central",64064,"clu6_2-branch_x",235
"362-C3a","Vicky2-f5-362-C3A.mzXML","isolate","362-C3","UT","Vicky2-f5-362-C3A","branch_v","a","clu6_2","Southwest",84088,"clu6_2-branch_v",168
"362-C3b","Vicky2-f5-362-C3B.mzXML","isolate","362-C3","UT","Vicky2-f5-362-C3B","branch_v","b","clu6_2","Southwest",84088,"clu6_2-branch_v",159
"365-C8a","Vicky2-e11-365-C8A.mzXML","isolate","365-C8","MO","Vicky2-e11-365-C8A","branch_v","a","clu6_4","Central",64015,"clu6_4-branch_v",436
"365-C8b","Vicky2-e11-365-C8B.mzXML","isolate","365-C8","MO","Vicky2-e11-365-C8B","branch_v","b","clu6_4","Central",64015,"clu6_4-branch_v",348
"365-D8a","Vicky3-a12-365-D8A.mzXML","isolate","365-D8","MO","Vicky3-a12-365-D8A","branch_y","a","clu6_2","Central",64015,"clu6_2-branch_y",403
"365-D8b","Vicky3-a12-365-D8B.mzXML","isolate","365-D8","MO","Vicky3-a12-365-D8B","branch_y","b","clu6_2","Central",64015,"clu6_2-branch_y",430
"365-D9a","Vicky2-e6-365-D9A.mzXML","isolate","365-D9","MO","Vicky2-e6-365-D9A","branch_u","a","clu6_1","Central",64015,"clu6_1-branch_u",461
"365-D9b","Vicky2-e6-365-D9B.mzXML","isolate","365-D9","MO","Vicky2-e6-365-D9B","branch_u","b","clu6_1","Central",64015,"clu6_1-branch_u",293
"365-G7a","Vicky2-f8-365-G7A.mzXML","isolate","365-G7","CA","Vicky2-f8-365-G7A","branch_v","a","clu6_5","West",92505,"clu6_5-branch_v",299
"365-G7b","Vicky2-f8-365-G7B.mzXML","isolate","365-G7","CA","Vicky2-f8-365-G7B","branch_v","b","clu6_5","West",92505,"clu6_5-branch_v",271
"366-D1a","Vicky2-h4-366-D1B.mzXML","isolate","366-D1","MT","Vicky2-h4-366-D1B","branch_w","a","clu6_2","West North Central",59054,"clu6_2-branch_w",428
"366-D1b","Vicky2-h4-366-D1A.mzXML","isolate","366-D1","MT","Vicky2-h4-366-D1A","branch_w","b","clu6_2","West North Central",59054,"clu6_2-branch_w",389
"369-C2a","Vicky2-b12-369-C2A.mzXML","isolate","369-C2","TX","Vicky2-b12-369-C2A","branch_x","a","clu6_6","South",75218,"clu6_6-branch_x",284
"369-C2b","Vicky2-b12-369-C2B.mzXML","isolate","369-C2","TX","Vicky2-b12-369-C2B","branch_x","b","clu6_6","South",75218,"clu6_6-branch_x",249
"372-F4a","Vicky1-g5-372-F4A.mzXML","isolate","372-F4","CT","Vicky1-g5-372-F4A","branch_u","a","clu6_1","Northeast",6902,"clu6_1-branch_u",549
"372-F4b","Vicky1-g5-372-F4B.mzXML","isolate","372-F4","CT","Vicky1-g5-372-F4B","branch_u","b","clu6_1","Northeast",6902,"clu6_1-branch_u",503
"374-F7a","Vicky2-d12-374-F7A.mzXML","isolate","374-F7","ND","Vicky2-d12-374-F7A","branch_u","a","clu6_1","Southeast",58040,"clu6_1-branch_u",227
"374-F7b","Vicky2-d12-374-F7B.mzXML","isolate","374-F7","ND","Vicky2-d12-374-F7B","branch_u","b","clu6_1","Southeast",58040,"clu6_1-branch_u",175
"380-A8a","Vicky2-a8-380-A8A.mzXML","isolate","380-A8","TX","Vicky2-a8-380-A8A","branch_u","a","clu6_1","South",78596,"clu6_1-branch_u",281
"380-A8b","Vicky2-a8-380-A8B.mzXML","isolate","380-A8","TX","Vicky2-a8-380-A8B","branch_u","b","clu6_1","South",78596,"clu6_1-branch_u",705
"380-H8a","Vicky1-g3-380-H8A.mzXML","isolate","380-H8","CA","Vicky1-g3-380-H8A","branch_u","a","clu6_1","West",90720,"clu6_1-branch_u",700
"380-H8b","Vicky1-g3-380-H8B.mzXML","isolate","380-H8","CA","Vicky1-g3-380-H8B","branch_u","b","clu6_1","West",90720,"clu6_1-branch_u",356
"382-E5a","Vicky2-e10-382-E5A.mzXML","isolate","382-E5","CA","Vicky2-e10-382-E5A","branch_v","a","clu6_5","West",91768,"clu6_5-branch_v",495
"382-E5b","Vicky2-e10-382-E5B.mzXML","isolate","382-E5","CA","Vicky2-e10-382-E5B","branch_v","b","clu6_5","West",91768,"clu6_5-branch_v",535
"382-E6a","Vicky2-d10-382-E6A.mzXML","isolate","382-E6","CA","Vicky2-d10-382-E6A","branch_v","a","clu6_5","West",91768,"clu6_5-branch_v",316
"382-E6b","Vicky2-d10-382-E6B.mzXML","isolate","382-E6","CA","Vicky2-d10-382-E6B","branch_v","b","clu6_5","West",91768,"clu6_5-branch_v",534
"383-G3a","Vicky2-f10-383-G3A.mzXML","isolate","383-G3","UT","Vicky2-f10-383-G3A","branch_v","a","clu6_4","Southwest",84322,"clu6_4-branch_v",464
"383-G3b","Vicky2-f10-383-G3B.mzXML","isolate","383-G3","UT","Vicky2-f10-383-G3B","branch_v","b","clu6_4","Southwest",84322,"clu6_4-branch_v",238
"385-D2a","Vicky3-a4-385-D2A.mzXML","isolate","385-D2","UT","Vicky3-a4-385-D2A","branch_v","a","clu6_4","Southwest",84339,"clu6_4-branch_v",624
"385-D2b","Vicky3-a4-385-D2B.mzXML","isolate","385-D2","UT","Vicky3-a4-385-D2B","branch_v","b","clu6_4","Southwest",84339,"clu6_4-branch_v",235
"386-A11a","Vicky1-f1-386-A11A.mzXML","isolate","386-A11","UT","Vicky1-f1-386-A11A","branch_y","a","clu6_3","Southwest",84321,"clu6_3-branch_y",352
"386-A11b","Vicky1-f1-386-A11B.mzXML","isolate","386-A11","UT","Vicky1-f1-386-A11B","branch_y","b","clu6_3","Southwest",84321,"clu6_3-branch_y",158
"386-A2a","Vicky2-a2-386-A2A.mzXML","isolate","386-A2","UT","Vicky2-a2-386-A2A","branch_u","a","clu6_1","Southwest",84321,"clu6_1-branch_u",861
"386-A2b","Vicky2-a2-386-A2B.mzXML","isolate","386-A2","UT","Vicky2-a2-386-A2B","branch_u","b","clu6_1","Southwest",84321,"clu6_1-branch_u",830
"386-F1a","Vicky2-a10-386-F1A.mzXML","isolate","386-F1","UT","Vicky2-a10-386-F1A","branch_w","a","clu6_2","Southwest",84328,"clu6_2-branch_w",542
"386-F1b","Vicky2-a10-386-F1B.mzXML","isolate","386-F1","UT","Vicky2-a10-386-F1B","branch_w","b","clu6_2","Southwest",84328,"clu6_2-branch_w",483
"386-F2a","Vicky1-h1-386-F2A.mzXML","isolate","386-F2","UT","Vicky1-h1-386-F2A","branch_v","a","clu6_4","Southwest",84328,"clu6_4-branch_v",325
"386-F2b","Vicky1-h1-386-F2B.mzXML","isolate","386-F2","UT","Vicky1-h1-386-F2B","branch_v","b","clu6_4","Southwest",84328,"clu6_4-branch_v",302
"386-G8a","Vicky2-d9-386-G8A.mzXML","isolate","386-G8","CA","Vicky2-d9-386-G8A","branch_v","a","clu6_4","West",92675,"clu6_4-branch_v",340
"386-G8b","Vicky2-d9-386-G8B.mzXML","isolate","386-G8","CA","Vicky2-d9-386-G8B","branch_v","b","clu6_4","West",92675,"clu6_4-branch_v",172
"387-A9a","Vicky2-f12-387-A9A.mzXML","isolate","387-A9","CA","Vicky2-f12-387-A9A","branch_v","a","clu6_5","West",92675,"clu6_5-branch_v",487
"387-A9b","Vicky2-f12-387-A9B.mzXML","isolate","387-A9","CA","Vicky2-f12-387-A9B","branch_v","b","clu6_5","West",92675,"clu6_5-branch_v",455
"387-C3a","Vicky2-b11-387-C3A.mzXML","isolate","387-C3","CA","Vicky2-b11-387-C3A","branch_x","a","clu6_6","West",92694,"clu6_6-branch_x",378
"387-C3b","Vicky2-b11-387-C3B.mzXML","isolate","387-C3","CA","Vicky2-b11-387-C3B","branch_x","b","clu6_6","West",92694,"clu6_6-branch_x",354
"387-E1a","Vicky2-f11-387-E1A.mzXML","isolate","387-E1","CA","Vicky2-f11-387-E1A","branch_v","a","clu6_5","West",92629,"clu6_5-branch_v",382
"387-E1b","Vicky2-f11-387-E1B.mzXML","isolate","387-E1","CA","Vicky2-f11-387-E1B","branch_v","b","clu6_5","West",92629,"clu6_5-branch_v",426
"389-H2a","Vicky1-g11-389-H2A.mzXML","isolate","389-H2","ID","Vicky1-g11-389-H2A","branch_y","a","clu6_3","Northwest",83854,"clu6_3-branch_y",406
"389-H2b","Vicky1-g11-389-H2B.mzXML","isolate","389-H2","ID","Vicky1-g11-389-H2B","branch_y","b","clu6_3","Northwest",83854,"clu6_3-branch_y",325
"390-D4a","Vicky2-g7-390-D4A.mzXML","isolate","390-D4","CA","Vicky2-g7-390-D4A","branch_v","a","clu6_4","West",92629,"clu6_4-branch_v",495
"390-D4b","Vicky2-g7-390-D4B.mzXML","isolate","390-D4","CA","Vicky2-g7-390-D4B","branch_v","b","clu6_4","West",92629,"clu6_4-branch_v",315
"390-E1a","Vicky2-f3-390-E1A.mzXML","isolate","390-E1","NM","Vicky2-f3-390-E1A","branch_v","a","clu6_5","Southwest",87108,"clu6_5-branch_v",296
"390-E1b","Vicky2-f3-390-E1B.mzXML","isolate","390-E1","NM","Vicky2-f3-390-E1B","branch_v","b","clu6_5","Southwest",87108,"clu6_5-branch_v",442
"396-C10a","Vicky2-a4-396-C10A.mzXML","isolate","396-C10","WY","Vicky2-a4-396-C10A","branch_u","a","clu6_1","West North Central",82054,"clu6_1-branch_u",450
"396-C10b","Vicky2-a4-396-C10B.mzXML","isolate","396-C10","WY","Vicky2-a4-396-C10B","branch_u","b","clu6_1","West North Central",82054,"clu6_1-branch_u",345
"404-B10a","Vicky2-a3-404-B10A.mzXML","isolate","404-B10","NC","Vicky2-a3-404-B10A","branch_u","a","clu6_1","Southeast",27012,"clu6_1-branch_u",518
"404-B10b","Vicky2-a3-404-B10B.mzXML","isolate","404-B10","NC","Vicky2-a3-404-B10B","branch_u","b","clu6_1","Southeast",27012,"clu6_1-branch_u",492
"411-C10a","Vicky2-e12-411-C10A.mzXML","isolate","411-C10","NV","Vicky2-e12-411-C10A","branch_v","a","clu6_5","West",89119,"clu6_5-branch_v",509
"411-C10b","Vicky2-e12-411-C10B.mzXML","isolate","411-C10","NV","Vicky2-e12-411-C10B","branch_v","b","clu6_5","West",89119,"clu6_5-branch_v",285
"411-C5a","Vicky2-b6-411-C5A.mzXML","isolate","411-C5","TN","Vicky2-b6-411-C5A","branch_x","a","clu6_6","Central",37830,"clu6_6-branch_x",358
"411-C5b","Vicky2-b6-411-C5B.mzXML","isolate","411-C5","TN","Vicky2-b6-411-C5B","branch_x","b","clu6_6","Central",37830,"clu6_6-branch_x",167
"421-A1a","Vicky2-d3-421-A1A.mzXML","isolate","421-A1","CA","Vicky2-d3-421-A1A","branch_x","a","clu6_2","West",95380,"clu6_2-branch_x",184
"421-A1b","Vicky2-d3-421-A1B.mzXML","isolate","421-A1","CA","Vicky2-d3-421-A1B","branch_x","b","clu6_2","West",95380,"clu6_2-branch_x",143
"421-C11a","Vicky2-d4-421-C11A.mzXML","isolate","421-C11","CO","Vicky2-d4-421-C11A","branch_x","a","clu6_6","Southwest",81506,"clu6_6-branch_x",324
"421-C11b","Vicky2-d4-421-C11B.mzXML","isolate","421-C11","CO","Vicky2-d4-421-C11B","branch_x","b","clu6_6","Southwest",81506,"clu6_6-branch_x",271
"423-E8a","Vicky2-g9-423-E8A.mzXML","isolate","423-E8","NV","Vicky2-g9-423-E8A","branch_v","a","clu6_5","West",89501,"clu6_5-branch_v",407
"423-E8b","Vicky2-g9-423-E8B.mzXML","isolate","423-E8","NV","Vicky2-g9-423-E8B","branch_v","b","clu6_5","West",89501,"clu6_5-branch_v",558
"423-F5a","Vicky2-b7-423-F5A.mzXML","isolate","423-F5","NV","Vicky2-b7-423-F5A","branch_w","a","clu6_2","West",89501,"clu6_2-branch_w",172
"423-F5b","Vicky2-b7-423-F5B.mzXML","isolate","423-F5","NV","Vicky2-b7-423-F5B","branch_w","b","clu6_2","West",89501,"clu6_2-branch_w",186
"431-A2a","Vicky2-d5-431-A2A.mzXML","isolate","431-A2","NC","Vicky2-d5-431-A2A","branch_x","a","clu6_2","Southeast",27517,"clu6_2-branch_x",149
"431-A2b","Vicky2-d5-431-A2B.mzXML","isolate","431-A2","NC","Vicky2-d5-431-A2B","branch_x","b","clu6_2","Southeast",27517,"clu6_2-branch_x",72
"439-C7a","Vicky2-e8-439-C7A.mzXML","isolate","439-C7","NV","Vicky2-e8-439-C7A","branch_v","a","clu6_5","West",89129,"clu6_5-branch_v",541
"439-C7b","Vicky2-e8-439-C7B.mzXML","isolate","439-C7","NV","Vicky2-e8-439-C7B","branch_v","b","clu6_5","West",89129,"clu6_5-branch_v",245
"444-A2a","Vicky2-b8-444-A2A.mzXML","isolate","444-A2","MO","Vicky2-b8-444-A2A","branch_x","a","clu6_6","Central",63119,"clu6_6-branch_x",260
"444-A2b","Vicky2-b8-444-A2B.mzXML","isolate","444-A2","MO","Vicky2-b8-444-A2B","branch_x","b","clu6_6","Central",63119,"clu6_6-branch_x",287
"444-A9a","Vicky2-a9-444-A9A.mzXML","isolate","444-A9","UT","Vicky2-a9-444-A9A","branch_x","a","clu6_6","Southwest",84341,"clu6_6-branch_x",294
"444-A9b","Vicky2-a9-444-A9B.mzXML","isolate","444-A9","UT","Vicky2-a9-444-A9B","branch_x","b","clu6_6","Southwest",84341,"clu6_6-branch_x",219
